-- SpielzeitApp Demo-Daten (V1)

SET NAMES utf8mb4;

INSERT INTO clubs (id, name, slug, created_at) VALUES
  ('11111111-1111-1111-1111-111111111111', 'NSG Gölsental', 'nsg-goelsental', NOW(3));

INSERT INTO teams (id, club_id, name, season, created_at) VALUES
  ('22222222-2222-2222-2222-222222222211', '11111111-1111-1111-1111-111111111111', 'U11', '2025/2026', NOW(3)),
  ('22222222-2222-2222-2222-222222222222', '11111111-1111-1111-1111-111111111111', 'U12', '2025/2026', NOW(3));

INSERT INTO users (id, email, password_hash, display_name, created_at, last_login_at) VALUES
  ('33333333-3333-3333-3333-333333333311', 'admin@example.com', '$2y$10$abcdefghijklmnopqrstuv', 'Admin Coach', NOW(3), NULL),
  ('33333333-3333-3333-3333-333333333322', 'trainer@example.com', '$2y$10$abcdefghijklmnopqrstuv', 'U11 Trainer', NOW(3), NULL);

INSERT INTO team_memberships (id, team_id, user_id, role, status, created_at) VALUES
  ('44444444-4444-4444-4444-444444444411', '22222222-2222-2222-2222-222222222211', '33333333-3333-3333-3333-333333333311', 'admin', 'active', NOW(3)),
  ('44444444-4444-4444-4444-444444444422', '22222222-2222-2222-2222-222222222211', '33333333-3333-3333-3333-333333333322', 'trainer', 'active', NOW(3));

-- 12 Spieler U11
INSERT INTO players (id, team_id, first_name, last_name, display_name, shirt_number, active, created_at) VALUES
  ('55555555-1111-1111-1111-111111111111', '22222222-2222-2222-2222-222222222211', 'Max', 'Torwart', NULL, 1, 1, NOW(3)),
  ('55555555-1111-1111-1111-111111111112', '22222222-2222-2222-2222-222222222211', 'Leo', 'Links', NULL, 2, 1, NOW(3)),
  ('55555555-1111-1111-1111-111111111113', '22222222-2222-2222-2222-222222222211', 'Ben', 'Rechts', NULL, 3, 1, NOW(3)),
  ('55555555-1111-1111-1111-111111111114', '22222222-2222-2222-2222-222222222211', 'Jonas', 'Mitte', NULL, 4, 1, NOW(3)),
  ('55555555-1111-1111-1111-111111111115', '22222222-2222-2222-2222-222222222211', 'Tom', 'Sechs', NULL, 6, 1, NOW(3)),
  ('55555555-1111-1111-1111-111111111116', '22222222-2222-2222-2222-222222222211', 'Luca', 'Acht', NULL, 8, 1, NOW(3)),
  ('55555555-1111-1111-1111-111111111117', '22222222-2222-2222-2222-222222222211', 'Finn', 'Zehn', NULL, 10, 1, NOW(3)),
  ('55555555-1111-1111-1111-111111111118', '22222222-2222-2222-2222-222222222211', 'Noah', 'Flügel', NULL, 7, 1, NOW(3)),
  ('55555555-1111-1111-1111-111111111119', '22222222-2222-2222-2222-222222222211', 'Mats', 'Stürmer', NULL, 9, 1, NOW(3)),
  ('55555555-1111-1111-1111-11111111111A', '22222222-2222-2222-2222-222222222211', 'Emil', 'Joker', NULL, 11, 1, NOW(3)),
  ('55555555-1111-1111-1111-11111111111B', '22222222-2222-2222-2222-222222222211', 'Paul', 'Allrounder', NULL, 12, 1, NOW(3)),
  ('55555555-1111-1111-1111-11111111111C', '22222222-2222-2222-2222-222222222211', 'Lenny', 'Flex', NULL, 13, 1, NOW(3));

-- 12 Spieler U12
INSERT INTO players (id, team_id, first_name, last_name, display_name, shirt_number, active, created_at) VALUES
  ('55555555-2222-2222-2222-222222222221', '22222222-2222-2222-2222-222222222222', 'Phil', 'Tor', NULL, 1, 1, NOW(3)),
  ('55555555-2222-2222-2222-222222222222', '22222222-2222-2222-2222-222222222222', 'Robin', 'LV', NULL, 2, 1, NOW(3)),
  ('55555555-2222-2222-2222-222222222223', '22222222-2222-2222-2222-222222222222', 'Nils', 'RV', NULL, 3, 1, NOW(3)),
  ('55555555-2222-2222-2222-222222222224', '22222222-2222-2222-2222-222222222222', 'Moritz', 'IV', NULL, 4, 1, NOW(3)),
  ('55555555-2222-2222-2222-222222222225', '22222222-2222-2222-2222-222222222222', 'Kian', 'DM', NULL, 6, 1, NOW(3)),
  ('55555555-2222-2222-2222-222222222226', '22222222-2222-2222-2222-222222222222', 'Samir', 'ZM', NULL, 8, 1, NOW(3)),
  ('55555555-2222-2222-2222-222222222227', '22222222-2222-2222-2222-222222222222', 'Anton', 'OM', NULL, 10, 1, NOW(3)),
  ('55555555-2222-2222-2222-222222222228', '22222222-2222-2222-2222-222222222222', 'Jonah', 'RA', NULL, 7, 1, NOW(3)),
  ('55555555-2222-2222-2222-222222222229', '22222222-2222-2222-2222-222222222222', 'Lio', 'ST', NULL, 9, 1, NOW(3)),
  ('55555555-2222-2222-2222-22222222222A', '22222222-2222-2222-2222-222222222222', 'Julius', 'Joker', NULL, 11, 1, NOW(3)),
  ('55555555-2222-2222-2222-22222222222B', '22222222-2222-2222-2222-222222222222', 'Theo', 'Backup', NULL, 12, 1, NOW(3)),
  ('55555555-2222-2222-2222-22222222222C', '22222222-2222-2222-2222-222222222222', 'Mika', 'Flex', NULL, 13, 1, NOW(3));

-- 1 Match pro Team
INSERT INTO matches (
  id, team_id, opponent_name, home_away, kickoff_at, status,
  score_home, score_away, period,
  timer_is_running, timer_started_at, timer_accum_seconds,
  created_at, updated_at
) VALUES
  ('66666666-1111-1111-1111-111111111111',
   '22222222-2222-2222-2222-222222222211',
   'SV Nachbardorf U11',
   'home',
   NOW(3) + INTERVAL 1 DAY,
   'planned',
   0, 0, NULL,
   0, NULL, 0,
   NOW(3), NOW(3)),
  ('66666666-2222-2222-2222-222222222222',
   '22222222-2222-2222-2222-222222222222',
   'FC Altstadt U12',
   'home',
   NOW(3) + INTERVAL 2 DAY,
   'planned',
   0, 0, NULL,
   0, NULL, 0,
   NOW(3), NOW(3));

-- Lineups U11 (home side)
INSERT INTO match_lineups (id, match_id, side, player_id, `group`) VALUES
  ('77777777-1111-1111-1111-111111111111', '66666666-1111-1111-1111-111111111111', 'home', '55555555-1111-1111-1111-111111111111', 'starting'),
  ('77777777-1111-1111-1111-111111111112', '66666666-1111-1111-1111-111111111111', 'home', '55555555-1111-1111-1111-111111111112', 'starting'),
  ('77777777-1111-1111-1111-111111111113', '66666666-1111-1111-1111-111111111111', 'home', '55555555-1111-1111-1111-111111111113', 'starting'),
  ('77777777-1111-1111-1111-111111111114', '66666666-1111-1111-1111-111111111111', 'home', '55555555-1111-1111-1111-111111111114', 'starting'),
  ('77777777-1111-1111-1111-111111111115', '66666666-1111-1111-1111-111111111111', 'home', '55555555-1111-1111-1111-111111111115', 'starting'),
  ('77777777-1111-1111-1111-111111111116', '66666666-1111-1111-1111-111111111111', 'home', '55555555-1111-1111-1111-111111111116', 'starting'),
  ('77777777-1111-1111-1111-111111111117', '66666666-1111-1111-1111-111111111111', 'home', '55555555-1111-1111-1111-111111111117', 'starting'),
  ('77777777-1111-1111-1111-111111111118', '66666666-1111-1111-1111-111111111111', 'home', '55555555-1111-1111-1111-111111111118', 'bench'),
  ('77777777-1111-1111-1111-111111111119', '66666666-1111-1111-1111-111111111111', 'home', '55555555-1111-1111-1111-111111111119', 'bench'),
  ('77777777-1111-1111-1111-11111111111A', '66666666-1111-1111-1111-111111111111', 'home', '55555555-1111-1111-1111-11111111111A', 'bench');

-- Feld-Slots U11 (vereinfachtes 7er-Feld)
INSERT INTO match_field_slots (id, match_id, side, slot_id, player_id) VALUES
  ('88888888-1111-1111-1111-111111111111', '66666666-1111-1111-1111-111111111111', 'home', 'GK', '55555555-1111-1111-1111-111111111111'),
  ('88888888-1111-1111-1111-111111111112', '66666666-1111-1111-1111-111111111111', 'home', 'LB', '55555555-1111-1111-1111-111111111112'),
  ('88888888-1111-1111-1111-111111111113', '66666666-1111-1111-1111-111111111111', 'home', 'RB', '55555555-1111-1111-1111-111111111113'),
  ('88888888-1111-1111-1111-111111111114', '66666666-1111-1111-1111-111111111111', 'home', 'CM', '55555555-1111-1111-1111-111111111115'),
  ('88888888-1111-1111-1111-111111111115', '66666666-1111-1111-1111-111111111111', 'home', 'LW', '55555555-1111-1111-1111-111111111117'),
  ('88888888-1111-1111-1111-111111111116', '66666666-1111-1111-1111-111111111111', 'home', 'RW', '55555555-1111-1111-1111-111111111118'),
  ('88888888-1111-1111-1111-111111111117', '66666666-1111-1111-1111-111111111111', 'home', 'ST', '55555555-1111-1111-1111-111111111119');

-- Einfacher Anpfiff-Event U11
INSERT INTO match_events (
  id, match_id, created_at, created_by_user_id, type,
  minute, team_side, player_id, player_in_id, player_out_id, card_type, note
) VALUES
  ('99999999-1111-1111-1111-111111111111',
   '66666666-1111-1111-1111-111111111111',
   NOW(3),
   '33333333-3333-3333-3333-333333333311',
   'kickoff',
   0,
   'home',
   NULL, NULL, NULL, NULL,
   'Anpfiff');

